City_ID,City,Lat,Lng,Max Temp,Humidity,Cloudiness,Wind Speed,Country,Date
0,allapalli,19.4167,80.0667,15.81,25,0,1.02,IN,"02/14/23,23:23:58"
1,upernavik,72.7868,-56.1549,-28.51,93,100,2.51,GL,"02/14/23,23:20:00"
2,vaini,-21.2,-175.2,26.09,100,75,2.57,TO,"02/14/23,23:23:59"
3,hualmay,-11.0964,-77.6139,23.45,83,98,2.03,PE,"02/14/23,23:23:59"
4,mocuba,-16.8392,36.9856,23.47,94,95,1.54,MZ,"02/14/23,23:24:00"
5,yellowknife,62.456,-114.3525,-24.69,84,20,4.63,CA,"02/14/23,23:24:00"
6,kapaa,22.0752,-159.319,26.99,70,20,10.29,US,"02/14/23,23:24:01"
7,jamestown,42.097,-79.2353,8.8,29,0,3.09,US,"02/14/23,23:24:01"
8,atuona,-9.8,-139.0333,26.26,72,3,7.65,PF,"02/14/23,23:24:02"
9,rikitea,-23.1203,-134.9692,26.34,68,100,2.26,PF,"02/14/23,23:24:03"
10,hobart,-42.8794,147.3294,20.7,65,100,0.89,AU,"02/14/23,23:10:07"
11,cabo san lucas,22.8909,-109.9124,23.17,47,20,2.68,MX,"02/14/23,23:24:04"
12,new norfolk,-42.7826,147.0587,20.95,47,100,1.79,AU,"02/14/23,23:24:04"
13,busselton,-33.65,115.3333,15.77,80,91,1.61,AU,"02/14/23,23:24:05"
14,arraial do cabo,-22.9661,-42.0278,25.98,83,40,2.06,BR,"02/14/23,23:24:06"
15,qaanaaq,77.484,-69.3632,-30.49,89,100,2.15,GL,"02/14/23,23:24:06"
16,san patricio,28.017,-97.5169,30.97,15,1,3.6,US,"02/14/23,23:24:07"
17,mataura,-46.1927,168.8643,19.6,51,57,2.29,NZ,"02/14/23,23:24:08"
18,ushuaia,-54.8,-68.3,4.81,75,40,8.75,AR,"02/14/23,23:22:26"
19,leshukonskoye,64.8989,45.7622,-19.93,100,65,1.56,RU,"02/14/23,23:24:08"
20,chuy,-33.6971,-53.4616,23.36,80,100,1.61,UY,"02/14/23,23:24:09"
21,kudahuvadhoo,2.6708,72.8944,26.82,77,17,5.49,MV,"02/14/23,23:24:10"
22,khatanga,71.9667,102.5,-16.14,95,100,4.84,RU,"02/14/23,23:24:10"
23,srebrenica,44.1064,19.2969,0.17,90,84,1.02,BA,"02/14/23,23:24:11"
24,georgetown,5.4112,100.3354,24.97,94,20,1.03,MY,"02/14/23,23:13:34"
25,avarua,-21.2078,-159.775,30.03,79,20,3.09,CK,"02/14/23,23:24:12"
26,aden,12.7794,45.0367,24.28,74,26,7.96,YE,"02/14/23,23:24:12"
27,narsaq,60.9167,-46.05,-11.88,88,3,3.08,GL,"02/14/23,23:24:13"
28,naze,28.3667,129.4833,11.51,82,100,5.71,JP,"02/14/23,23:24:14"
29,mahebourg,-20.4081,57.7,25.16,83,40,2.06,MU,"02/14/23,23:24:15"
30,dikson,73.5069,80.5464,-15.73,95,100,6.82,RU,"02/14/23,23:24:16"
31,chokurdakh,70.6333,147.9167,-41.67,100,98,0.66,RU,"02/14/23,23:24:16"
32,kimparana,12.8347,-4.9244,27.81,15,33,3.95,ML,"02/14/23,23:24:17"
33,carnarvon,-24.8667,113.6333,23.01,74,98,7.04,AU,"02/14/23,23:24:18"
34,vila franca do campo,37.7167,-25.4333,9.23,69,69,1.14,PT,"02/14/23,23:24:19"
35,goksun,38.021,36.4973,-12.81,73,58,2.52,TR,"02/14/23,23:24:20"
36,aklavik,68.2191,-135.0107,-33.0,75,20,1.03,CA,"02/14/23,23:24:20"
37,cape town,-33.9258,18.4232,21.05,84,20,8.23,ZA,"02/14/23,23:22:30"
38,mecca,21.4267,39.8261,19.37,65,4,2.77,SA,"02/14/23,23:24:21"
39,talnakh,69.4865,88.3972,-16.55,95,100,4.24,RU,"02/14/23,23:24:22"
40,zhicheng,30.2956,111.5047,2.51,74,7,0.06,CN,"02/14/23,23:24:22"
41,juye,35.3947,116.0883,-0.99,55,6,1.66,CN,"02/14/23,23:24:23"
42,saint anthony,45.0205,-93.218,3.96,94,100,6.17,US,"02/14/23,23:24:23"
43,tiksi,71.6872,128.8694,-27.84,97,97,2.94,RU,"02/14/23,23:24:24"
44,ilulissat,69.2167,-51.1,-29.99,52,12,1.03,GL,"02/14/23,23:24:24"
45,punta arenas,-53.15,-70.9167,8.06,66,75,7.72,CL,"02/14/23,23:24:15"
46,anderson,34.5334,-82.6499,19.49,41,0,3.6,US,"02/14/23,23:19:29"
47,bluff,-46.6,168.3333,17.08,70,7,5.65,NZ,"02/14/23,23:24:25"
48,klaksvik,62.2266,-6.589,8.51,96,100,14.45,FO,"02/14/23,23:24:26"
49,thompson,55.7435,-97.8558,-20.91,65,20,2.57,CA,"02/14/23,23:23:58"
50,margate,51.3813,1.3862,6.5,92,40,0.89,GB,"02/14/23,23:24:27"
51,uhlove,44.8215,33.6045,3.34,83,98,6.95,UA,"02/14/23,23:24:28"
52,codrington,-38.2667,141.9667,22.73,36,100,3.86,AU,"02/14/23,23:24:28"
53,svetlogorsk,52.6333,29.7333,-2.52,91,82,4.7,BY,"02/14/23,23:24:29"
54,ambilobe,-13.2,49.05,22.38,95,26,0.96,MG,"02/14/23,23:24:29"
55,east london,-33.0153,27.9116,24.75,92,70,2.13,ZA,"02/14/23,23:24:30"
56,saldanha,-33.0117,17.9442,18.03,89,0,9.08,ZA,"02/14/23,23:24:31"
57,hilo,19.7297,-155.09,26.73,74,0,7.72,US,"02/14/23,23:24:31"
58,jasper,37.2001,-94.3502,14.57,55,100,10.8,US,"02/14/23,23:21:51"
59,chapada dos guimaraes,-15.4606,-55.7497,25.81,59,39,2.52,BR,"02/14/23,23:24:32"
60,albany,42.6001,-73.9662,6.3,57,4,1.28,US,"02/14/23,23:24:33"
61,puerto ayora,-0.7393,-90.3518,26.97,91,61,1.34,EC,"02/14/23,23:24:34"
62,vega de alatorre,20.0333,-96.6333,25.05,73,0,5.2,MX,"02/14/23,23:24:34"
63,luderitz,-26.6481,15.1594,17.93,80,0,6.11,NA,"02/14/23,23:24:35"
64,saskylakh,71.9167,114.0833,-18.36,97,100,2.22,RU,"02/14/23,23:24:36"
65,lebu,-37.6167,-73.65,16.54,77,68,6.39,CL,"02/14/23,23:24:36"
66,hithadhoo,-0.6,73.0833,27.1,72,8,3.66,MV,"02/14/23,23:24:37"
67,lavrentiya,65.5833,-171.0,-25.85,88,99,3.2,RU,"02/14/23,23:24:38"
68,san ramon,37.7799,-121.978,11.56,59,40,8.23,US,"02/14/23,23:24:05"
69,alpena,45.0617,-83.4327,7.14,78,0,3.6,US,"02/14/23,23:24:38"
70,port alfred,-33.5906,26.891,22.32,96,100,1.79,ZA,"02/14/23,23:24:39"
71,sinnamary,5.3833,-52.95,24.8,91,98,4.88,GF,"02/14/23,23:24:39"
72,malko tarnovo,41.9833,27.5333,0.67,85,15,2.72,BG,"02/14/23,23:24:40"
73,phangnga,8.4509,98.5298,24.02,90,55,1.32,TH,"02/14/23,23:24:40"
74,hermanus,-34.4187,19.2345,20.45,84,95,4.22,ZA,"02/14/23,23:24:41"
75,kodiak,57.79,-152.4072,3.73,70,20,4.12,US,"02/14/23,23:24:41"
76,kaitangata,-46.2817,169.8464,17.51,69,100,3.47,NZ,"02/14/23,23:24:42"
77,akureyri,65.6835,-18.0878,2.96,60,20,6.17,IS,"02/14/23,23:24:42"
78,pouebo,-20.4,164.5667,26.87,63,38,1.58,NC,"02/14/23,23:24:43"
79,goderich,43.7501,-81.7165,7.18,49,74,4.63,CA,"02/14/23,23:24:43"
80,marawi,7.9986,124.2928,19.56,97,100,1.55,PH,"02/14/23,23:24:44"
81,itaueira,-7.6033,-43.0256,28.91,46,100,0.85,BR,"02/14/23,23:24:44"
82,port lincoln,-34.7333,135.8667,24.64,38,17,5.43,AU,"02/14/23,23:24:45"
83,tupik,54.4253,119.9327,-23.6,99,100,0.32,RU,"02/14/23,23:24:45"
84,bubaque,11.2833,-15.8333,23.9,79,3,6.9,GW,"02/14/23,23:24:46"
85,dunedin,-45.8742,170.5036,18.22,75,100,1.34,NZ,"02/14/23,23:24:46"
86,butaritari,3.0707,172.7902,27.45,70,100,5.52,KI,"02/14/23,23:24:47"
87,rafai,4.95,23.9167,23.28,31,52,1.34,CF,"02/14/23,23:24:47"
88,galle,6.0367,80.217,24.35,86,29,2.06,LK,"02/14/23,23:24:48"
89,inta,66.0317,60.1659,-8.79,92,99,4.87,RU,"02/14/23,23:24:48"
90,baghdad,33.3406,44.4009,8.95,43,0,1.03,IQ,"02/14/23,23:22:44"
91,bati,11.1833,40.0167,16.99,49,6,2.0,ET,"02/14/23,23:24:49"
92,avera,33.194,-82.5271,18.73,60,57,2.68,US,"02/14/23,23:24:49"
93,zambezi,-13.5432,23.1047,18.46,91,80,1.66,ZM,"02/14/23,23:24:50"
94,barrow,71.2906,-156.7887,-20.99,77,100,6.69,US,"02/14/23,23:24:50"
95,saint-philippe,-21.3585,55.7679,25.77,83,92,5.14,RE,"02/14/23,23:24:51"
96,asau,46.4333,26.4,2.51,90,33,2.56,RO,"02/14/23,23:24:51"
97,vieques,18.425,-65.8329,26.01,78,40,5.14,PR,"02/14/23,23:24:52"
98,joshimath,30.5667,79.5667,9.01,31,0,4.71,IN,"02/14/23,23:24:52"
99,alekseyevka,50.6309,38.6903,-1.75,95,100,6.02,RU,"02/14/23,23:24:53"
100,gazalkent,41.5581,69.7708,1.81,99,100,0.32,UZ,"02/14/23,23:24:53"
101,chico,39.7285,-121.8375,11.94,34,0,8.75,US,"02/14/23,23:24:04"
102,college,64.8569,-147.8028,-12.18,77,75,2.57,US,"02/14/23,23:24:54"
103,provideniya,64.3833,-173.3,-23.69,64,100,3.13,RU,"02/14/23,23:24:55"
104,victoria,22.2855,114.1577,14.07,67,86,4.92,HK,"02/14/23,23:23:29"
105,ribeira grande,38.5167,-28.7,14.87,76,64,4.92,PT,"02/14/23,23:24:55"
106,chapais,49.7834,-74.8492,-3.12,88,99,4.91,CA,"02/14/23,23:24:56"
107,poum,-20.2333,164.0167,26.24,62,32,1.74,NC,"02/14/23,23:21:29"
108,sabha,27.0377,14.4283,9.1,55,14,4.85,LY,"02/14/23,23:24:56"
109,luba,3.4568,8.5547,23.94,80,18,3.75,GQ,"02/14/23,23:24:57"
110,tual,-5.6667,132.75,28.08,80,100,7.59,ID,"02/14/23,23:24:57"
111,miyako,39.6367,141.9525,-3.05,71,75,6.0,JP,"02/14/23,23:24:58"
112,port blair,11.6667,92.75,20.02,94,7,0.0,IN,"02/14/23,23:24:58"
113,zhigansk,66.7697,123.3711,-41.01,100,68,2.09,RU,"02/14/23,23:24:59"
114,mariental,-24.6333,17.9667,27.47,16,33,7.3,NA,"02/14/23,23:24:59"
115,sanmenxia,34.7747,111.1814,0.74,82,31,2.9,CN,"02/14/23,23:25:00"
116,fort dodge,42.4975,-94.168,7.79,100,100,5.66,US,"02/14/23,23:25:00"
117,semirara,12.0697,121.3986,25.57,78,95,13.28,PH,"02/14/23,23:25:01"
118,geraldton,-28.7667,114.6,22.23,60,100,3.09,AU,"02/14/23,23:25:01"
119,nyurba,63.2842,118.3319,-33.3,100,95,0.38,RU,"02/14/23,23:25:02"
120,ust-nera,64.5667,143.2,-42.47,97,79,0.81,RU,"02/14/23,23:25:02"
121,la macarena,2.1837,-73.7849,29.35,52,77,1.19,CO,"02/14/23,23:25:03"
122,la ronge,55.1001,-105.2842,-16.86,51,40,4.12,CA,"02/14/23,23:25:04"
123,pangai,-19.8,-174.35,26.06,89,100,4.12,TO,"02/14/23,23:25:05"
124,yar-sale,66.8333,70.8333,-20.31,100,96,3.63,RU,"02/14/23,23:25:06"
125,vila velha,-20.3297,-40.2925,26.97,86,20,7.2,BR,"02/14/23,23:25:06"
126,amapa,1.0,-52.0,22.21,99,100,1.33,BR,"02/14/23,23:23:13"
127,hearst,49.6835,-83.6665,6.14,99,93,3.0,CA,"02/14/23,23:25:07"
128,ancud,-41.8697,-73.8203,14.03,94,100,5.3,CL,"02/14/23,23:25:08"
129,pag,44.445,15.0575,0.32,69,0,6.65,HR,"02/14/23,23:21:25"
130,kamenka,51.3223,42.7678,-9.55,97,95,3.63,RU,"02/14/23,23:25:09"
131,sept-iles,50.2001,-66.3821,-6.0,82,20,2.57,CA,"02/14/23,23:25:10"
132,zhigalovo,54.8097,105.1578,-23.45,100,100,0.68,RU,"02/14/23,23:25:10"
133,kuloy,61.0305,42.4925,-7.03,94,100,3.67,RU,"02/14/23,23:25:11"
134,mandalgovi,45.7625,106.2708,-11.55,64,18,1.48,MN,"02/14/23,23:25:12"
135,mount isa,-20.7333,139.5,30.87,20,100,5.14,AU,"02/14/23,23:25:12"
136,cristalina,-16.7686,-47.6136,20.9,72,73,1.62,BR,"02/14/23,23:25:13"
137,pangnirtung,66.1451,-65.7125,-26.0,64,100,0.0,CA,"02/14/23,23:25:14"
138,clyde river,70.4692,-68.5914,-37.87,67,40,2.57,CA,"02/14/23,23:25:14"
139,mar del plata,-38.0023,-57.5575,18.38,56,0,3.09,AR,"02/14/23,23:24:31"
140,broome,42.2506,-75.833,7.21,52,0,1.54,US,"02/14/23,23:25:15"
141,nawa,27.0167,75.0,17.71,18,21,2.65,IN,"02/14/23,23:20:54"
142,neuquen,-38.9516,-68.0591,24.94,31,0,5.66,AR,"02/14/23,23:25:16"
143,northam,51.0333,-4.2167,8.55,79,63,4.31,GB,"02/14/23,23:25:17"
144,tuktoyaktuk,69.4541,-133.0374,-28.0,76,75,1.54,CA,"02/14/23,23:25:18"
145,lithgow,-33.4833,150.15,17.16,68,85,2.5,AU,"02/14/23,23:25:18"
146,juneau,58.3019,-134.4197,1.79,87,100,4.12,US,"02/14/23,23:25:20"
147,kosum phisai,16.2486,103.0674,23.24,64,90,6.02,TH,"02/14/23,23:25:20"
148,kamaishi,39.2667,141.8833,-2.71,66,42,6.16,JP,"02/14/23,23:25:21"
149,mastic beach,40.7668,-72.8521,8.76,63,0,3.13,US,"02/14/23,23:25:22"
150,ostrovnoy,68.0531,39.5131,-9.36,90,93,4.53,RU,"02/14/23,23:25:22"
151,zurrieq,35.8311,14.4742,10.73,82,20,3.6,MT,"02/14/23,23:25:23"
152,tiznit,29.5833,-9.5,10.77,70,94,4.05,MA,"02/14/23,23:25:24"
153,bara,10.3744,10.7288,21.46,26,19,4.63,NG,"02/14/23,23:15:44"
154,norman wells,65.282,-126.8329,-24.98,70,0,1.54,CA,"02/14/23,23:24:19"
155,salisbury,51.0693,-1.7957,6.65,87,87,5.14,GB,"02/14/23,23:25:25"
156,abha,18.2164,42.5053,15.14,17,0,7.2,SA,"02/14/23,23:24:38"
157,honiara,-9.4333,159.95,28.28,78,98,1.6,SB,"02/14/23,23:25:26"
158,alanya,36.5438,31.9998,5.07,38,29,2.4,TR,"02/14/23,23:20:33"
159,goundam,16.4145,-3.6708,25.7,18,33,4.78,ML,"02/14/23,23:25:26"
160,tilichiki,60.4667,166.1,-20.73,92,77,3.88,RU,"02/14/23,23:25:27"
161,longyearbyen,78.2186,15.6401,0.91,86,75,9.77,SJ,"02/14/23,23:25:28"
162,shahr-e kord,32.3256,50.8644,3.87,87,100,5.14,IR,"02/14/23,23:25:29"
163,berlevag,70.8578,29.0864,6.0,87,100,7.72,NO,"02/14/23,23:25:29"
164,vulcan,45.3833,23.2667,-3.99,92,15,2.24,RO,"02/14/23,23:25:30"
165,faranah,10.0404,-10.7434,27.08,36,82,0.37,GN,"02/14/23,23:25:30"
166,shirdi,19.7667,74.4833,18.49,19,3,2.39,IN,"02/14/23,23:25:31"
167,karratha,-20.7377,116.8463,30.27,63,78,5.65,AU,"02/14/23,23:25:32"
168,alyangula,-13.8483,136.4192,28.45,75,70,7.76,AU,"02/14/23,23:25:33"
169,bambous virieux,-20.3428,57.7575,25.14,83,40,2.06,MU,"02/14/23,23:25:33"
170,hasaki,35.7333,140.8333,1.27,49,80,11.11,JP,"02/14/23,23:25:34"
171,mitu,1.1983,-70.1733,25.2,84,97,1.19,CO,"02/14/23,23:25:35"
172,bethel,41.3712,-73.414,9.25,42,0,1.54,US,"02/14/23,23:25:36"
173,souillac,-20.5167,57.5167,25.21,83,40,2.06,MU,"02/14/23,23:25:36"
174,moranbah,-22.0016,148.0466,27.43,55,100,4.79,AU,"02/14/23,23:25:37"
175,lorengau,-2.0226,147.2712,27.59,76,100,0.45,PG,"02/14/23,23:25:37"
176,media luna,20.1419,-77.435,25.71,70,47,1.28,CU,"02/14/23,23:25:38"
177,yuci,37.6803,112.7319,-7.14,86,0,1.0,CN,"02/14/23,23:25:39"
178,raymondville,26.4815,-97.7831,32.0,25,26,4.09,US,"02/14/23,23:25:39"
179,ponta do sol,32.6667,-17.1,14.84,68,13,6.17,PT,"02/14/23,23:25:40"
180,castro,-24.7911,-50.0119,19.47,95,79,2.31,BR,"02/14/23,23:25:40"
181,juquia,-24.3208,-47.6347,25.82,85,75,1.0,BR,"02/14/23,23:25:41"
182,bahia blanca,-38.7196,-62.2724,21.83,20,0,1.8,AR,"02/14/23,23:22:51"
183,bredasdorp,-34.5322,20.0403,20.96,78,98,3.48,ZA,"02/14/23,23:25:42"
184,nome,64.5011,-165.4064,-21.61,70,0,6.17,US,"02/14/23,23:21:25"
185,rawson,-43.3002,-65.1023,20.99,29,72,5.69,AR,"02/14/23,23:25:42"
186,sur,22.5667,59.5289,22.49,42,36,3.01,OM,"02/14/23,23:25:43"
187,busca,44.5181,7.4743,10.93,80,0,2.06,IT,"02/14/23,23:25:43"
188,biltine,14.5333,20.9167,19.7,21,74,5.88,TD,"02/14/23,23:25:44"
189,christchurch,-43.5333,172.6333,17.11,88,75,9.26,NZ,"02/14/23,23:22:18"
190,puerto narino,-3.7703,-70.3831,25.17,91,96,0.73,CO,"02/14/23,23:25:45"
191,byron bay,-28.65,153.6167,22.19,72,86,4.9,AU,"02/14/23,23:25:45"
192,wanxian,30.8039,108.3897,6.43,91,86,0.53,CN,"02/14/23,23:25:46"
193,gaziantep,37.0594,37.3825,-4.04,63,0,1.03,TR,"02/14/23,23:25:46"
194,noumea,-22.2763,166.4572,28.99,99,5,2.68,NC,"02/14/23,23:21:59"
195,grindavik,63.8424,-22.4338,0.26,93,75,5.14,IS,"02/14/23,23:25:47"
196,batagay-alyta,67.8006,130.4114,-38.66,91,60,1.99,RU,"02/14/23,23:25:47"
197,kidal,18.4411,1.4078,22.68,19,7,6.47,ML,"02/14/23,23:25:48"
198,baker city,44.7749,-117.8344,1.84,56,75,11.32,US,"02/14/23,23:21:05"
199,yulara,-25.2406,130.9889,31.95,25,23,4.6,AU,"02/14/23,23:25:48"
200,hyderabad,17.3753,78.4744,14.73,72,12,1.54,IN,"02/14/23,23:25:49"
201,yeppoon,-23.1333,150.7333,30.88,70,100,4.02,AU,"02/14/23,23:25:49"
202,north bend,43.4065,-124.2243,8.29,81,100,6.17,US,"02/14/23,23:25:50"
203,zaraza,9.3503,-65.3245,26.14,71,98,4.89,VE,"02/14/23,23:25:50"
204,egvekinot,66.3167,-179.1667,-25.53,92,100,1.31,RU,"02/14/23,23:25:51"
205,lagoa,39.05,-27.9833,13.89,63,65,6.17,PT,"02/14/23,23:25:51"
206,aldan,58.6031,125.3894,-22.84,98,100,1.91,RU,"02/14/23,23:25:52"
207,katangli,51.7102,143.2326,-20.8,78,100,6.15,RU,"02/14/23,23:25:52"
208,yerbogachen,61.2767,108.0108,-26.77,100,100,0.79,RU,"02/14/23,23:25:53"
209,rundu,-17.9333,19.7667,21.44,70,89,2.44,NA,"02/14/23,23:25:53"
210,tuatapere,-46.1333,167.6833,18.47,67,77,2.27,NZ,"02/14/23,23:25:54"
211,port-gentil,-0.7193,8.7815,27.98,89,75,1.54,GA,"02/14/23,23:25:54"
212,cape coast,5.1053,-1.2466,26.91,86,34,3.94,GH,"02/14/23,23:25:55"
213,vaitape,-16.5167,-151.75,27.44,72,34,4.23,PF,"02/14/23,23:24:59"
214,mashhad,36.297,59.6062,1.08,100,100,2.06,IR,"02/14/23,23:25:56"
215,penzance,50.1186,-5.5371,11.54,88,87,7.21,GB,"02/14/23,23:25:56"
216,rudnogorsk,57.2639,103.7519,-17.59,98,97,1.86,RU,"02/14/23,23:25:57"
217,nizhniy kuranakh,58.8353,125.4869,-22.59,100,100,1.36,RU,"02/14/23,23:25:57"
218,nikolskoye,59.7035,30.7861,-1.06,98,93,1.18,RU,"02/14/23,23:25:57"
219,andreapol,56.6513,32.2664,-4.66,93,98,3.68,RU,"02/14/23,23:25:58"
220,boulsa,12.6675,-0.5758,25.2,17,0,4.61,BF,"02/14/23,23:25:58"
221,ashtabula,41.7001,-80.7665,9.31,49,0,3.09,US,"02/14/23,23:21:58"
222,husavik,66.0449,-17.3389,2.2,73,62,5.1,IS,"02/14/23,23:25:59"
223,george town,5.4112,100.3354,24.97,99,40,1.54,MY,"02/14/23,23:25:43"
224,torbay,47.6666,-52.7314,-0.24,97,100,11.83,CA,"02/14/23,23:26:00"
225,kloulklubed,7.0419,134.2556,24.28,87,100,8.89,PW,"02/14/23,23:24:18"
226,kautokeino,69.0125,23.0412,-8.73,95,39,2.01,NO,"02/14/23,23:26:00"
227,leningradskiy,69.3833,178.4167,-32.24,95,100,3.82,RU,"02/14/23,23:26:01"
228,ixtapa,20.7,-105.2,24.01,60,0,5.66,MX,"02/14/23,23:26:01"
229,nieuw amsterdam,5.8833,-55.0833,25.09,93,40,1.03,SR,"02/14/23,23:26:01"
230,savannah bight,16.45,-85.85,25.93,81,1,10.84,HN,"02/14/23,23:26:02"
231,nelipyno,48.561,23.0315,-0.12,91,53,2.37,UA,"02/14/23,23:26:03"
232,ponta delgada,37.7333,-25.6667,9.4,76,20,1.54,PT,"02/14/23,23:26:04"
233,namibe,-15.1961,12.1522,21.94,80,70,2.25,AO,"02/14/23,23:26:05"
234,yakeshi,49.2833,120.7333,-30.57,97,59,1.59,CN,"02/14/23,23:26:05"
235,caravelas,-17.7125,-39.2481,24.65,86,100,2.54,BR,"02/14/23,23:26:06"
236,riyadh,24.6877,46.7219,15.08,23,7,2.55,SA,"02/14/23,23:26:06"
237,faanui,-16.4833,-151.75,27.43,72,31,4.23,PF,"02/14/23,23:26:07"
238,ailigandi,9.2333,-78.0167,25.57,87,65,7.09,PA,"02/14/23,23:26:07"
239,port elizabeth,-33.918,25.5701,22.83,88,20,3.6,ZA,"02/14/23,23:26:08"
240,coihaique,-45.5752,-72.0662,13.97,62,75,0.0,CL,"02/14/23,23:26:08"
241,whitianga,-36.8333,175.7,22.07,68,8,6.9,NZ,"02/14/23,23:26:09"
242,tazovskiy,67.4667,78.7,-19.59,100,100,3.23,RU,"02/14/23,23:26:10"
243,pisco,-13.7,-76.2167,25.03,73,0,7.2,PE,"02/14/23,23:26:10"
244,meulaboh,4.1363,96.1285,24.46,88,100,2.23,ID,"02/14/23,23:26:11"
245,ardakan,32.31,54.0175,9.1,66,100,3.06,IR,"02/14/23,23:26:11"
246,roswell,34.0232,-84.3616,18.88,42,0,4.63,US,"02/14/23,23:22:14"
247,harper,4.375,-7.7169,26.35,85,42,2.97,LR,"02/14/23,23:26:12"
248,coahuayana,18.7333,-103.6833,28.75,43,61,3.01,MX,"02/14/23,23:26:13"
249,cidreira,-30.1811,-50.2056,23.47,88,100,1.51,BR,"02/14/23,23:26:14"
250,maralal,1.0968,36.698,14.54,63,6,1.98,KE,"02/14/23,23:26:14"
251,bathsheba,13.2167,-59.5167,26.34,73,40,8.23,BB,"02/14/23,23:26:15"
252,warragul,-38.1667,145.9333,23.91,41,67,0.66,AU,"02/14/23,23:26:16"
253,morros,-9.4467,-46.3003,27.65,52,75,0.73,BR,"02/14/23,23:26:16"
254,kruisfontein,-34.0033,24.7314,21.6,90,99,1.86,ZA,"02/14/23,23:26:17"
255,rosarito,32.3333,-117.0333,12.54,66,96,9.49,MX,"02/14/23,23:26:17"
256,hovd,48.0056,91.6419,-17.25,86,72,1.04,MN,"02/14/23,23:26:18"
257,kinston,35.2627,-77.5816,16.08,33,0,2.06,US,"02/14/23,23:22:15"
258,nantucket,41.2835,-70.0995,5.08,73,0,0.0,US,"02/14/23,23:24:11"
259,jacareacanga,-6.2222,-57.7528,25.52,88,83,0.82,BR,"02/14/23,23:26:19"
260,mahibadhoo,3.7833,72.9667,26.7,79,22,6.71,MV,"02/14/23,23:26:20"
261,darnah,32.767,22.6367,11.5,61,6,7.31,LY,"02/14/23,23:26:21"
262,caala,-12.8525,15.5606,16.46,90,100,0.62,AO,"02/14/23,23:26:22"
263,lagos,6.5833,3.75,25.71,87,6,1.33,NG,"02/14/23,23:15:00"
264,edd,13.9297,41.6925,27.15,34,9,6.34,ER,"02/14/23,23:26:23"
265,muli,2.9167,73.5667,26.95,76,19,5.19,MV,"02/14/23,23:26:23"
266,fortuna,40.5982,-124.1573,8.7,73,75,8.23,US,"02/14/23,23:26:24"
267,san cristobal,7.7669,-72.225,23.1,69,40,0.53,VE,"02/14/23,23:26:24"
268,maldonado,-34.6667,-54.9167,23.66,77,45,5.31,UY,"02/14/23,23:22:14"
269,bac lieu,9.285,105.7244,24.66,82,81,6.09,VN,"02/14/23,23:26:26"
270,fairbanks,64.8378,-147.7164,-12.17,77,100,2.57,US,"02/14/23,23:26:27"
271,zaysan,47.4667,84.8667,-15.0,90,99,1.14,KZ,"02/14/23,23:26:27"
272,seymchan,62.8833,152.4333,-28.4,94,100,1.59,RU,"02/14/23,23:26:28"
273,naica,27.85,-105.4833,21.38,6,87,10.29,MX,"02/14/23,23:26:29"
274,alihe,50.5667,123.7167,-25.14,97,18,1.35,CN,"02/14/23,23:26:29"
275,hofn,64.2539,-15.2082,4.45,73,100,9.62,IS,"02/14/23,23:26:30"
276,buraydah,26.326,43.975,9.25,49,18,5.27,SA,"02/14/23,23:26:31"
277,tshane,-24.0196,21.8684,22.87,70,95,3.94,BW,"02/14/23,23:26:32"
278,yeniseysk,58.4497,92.1703,-27.54,100,100,0.62,RU,"02/14/23,23:26:32"
279,poronaysk,49.2167,143.1167,-20.33,86,55,3.83,RU,"02/14/23,23:26:33"
280,mezen,65.8522,44.24,-16.64,99,93,0.96,RU,"02/14/23,23:26:33"
281,praia da vitoria,38.7333,-27.0667,11.53,87,20,2.48,PT,"02/14/23,23:26:34"
282,airai,-8.9266,125.4092,16.15,98,100,0.72,TL,"02/14/23,23:26:35"
283,itanhem,-17.1664,-40.33,25.33,75,99,5.03,BR,"02/14/23,23:26:35"
284,metro,-5.1131,105.3067,22.66,86,90,2.25,ID,"02/14/23,23:26:36"
285,calbuco,-41.768,-73.1273,15.56,82,100,2.99,CL,"02/14/23,23:26:36"
286,babynino,54.39,35.73,-1.14,86,100,6.88,RU,"02/14/23,23:26:37"
287,kisangani,0.5167,25.2,23.41,57,4,1.21,CD,"02/14/23,23:26:38"
288,pitimbu,-7.4706,-34.8086,27.33,78,100,4.67,BR,"02/14/23,23:26:38"
289,sorland,67.667,12.6934,6.92,89,97,10.55,NO,"02/14/23,23:22:15"
290,olinda,-8.0089,-34.8553,27.85,74,40,4.63,BR,"02/14/23,23:26:39"
291,lixourion,38.2019,20.4314,10.24,70,0,3.45,GR,"02/14/23,23:26:40"
292,novi knezevac,46.05,20.1,3.11,83,5,2.15,RS,"02/14/23,23:26:40"
293,sitka,57.0531,-135.33,1.94,69,100,6.17,US,"02/14/23,23:26:41"
294,bathurst,-33.4166,149.5806,22.2,62,74,3.26,AU,"02/14/23,23:25:33"
295,kunashak,55.7032,61.5498,-17.5,65,100,2.05,RU,"02/14/23,23:26:42"
296,turmalina,-17.2856,-42.73,20.97,75,20,1.59,BR,"02/14/23,23:26:43"
297,kannangad,12.3081,75.1063,22.03,89,8,2.27,IN,"02/14/23,23:26:43"
298,guanica,17.9716,-66.908,26.1,68,70,2.13,PR,"02/14/23,23:26:44"
299,nizhneangarsk,55.7833,109.55,-19.17,92,95,2.46,RU,"02/14/23,23:26:45"
300,tecoanapa,16.5167,-98.75,28.56,63,0,4.82,MX,"02/14/23,23:26:45"
301,cherskiy,68.75,161.3,-42.55,99,58,0.84,RU,"02/14/23,23:26:46"
302,yatou,37.15,122.3833,-1.7,61,100,5.18,CN,"02/14/23,23:26:47"
303,kisanga,-7.4362,37.7034,22.52,92,31,1.42,TZ,"02/14/23,23:26:47"
304,makakilo city,21.3469,-158.0858,26.18,55,40,6.69,US,"02/14/23,23:26:47"
305,severo-kurilsk,50.6789,156.125,-3.21,95,100,18.56,RU,"02/14/23,23:26:48"
306,mae sai,20.4335,99.8762,14.69,45,0,0.98,TH,"02/14/23,23:26:48"
307,victor harbor,-35.5667,138.6167,28.16,33,17,3.68,AU,"02/14/23,23:26:49"
308,tasiilaq,65.6145,-37.6368,-1.91,95,100,3.26,GL,"02/14/23,23:26:49"
309,nishihara,26.1842,127.7558,14.6,88,100,11.32,JP,"02/14/23,23:26:50"
310,sao filipe,14.8961,-24.4956,21.39,73,14,6.56,CV,"02/14/23,23:26:50"
311,yumen,40.2833,97.2,-4.42,51,2,3.71,CN,"02/14/23,23:26:51"
312,dingle,10.9995,122.6711,22.87,93,71,4.01,PH,"02/14/23,23:26:51"
313,fort wellington,6.4,-57.6,24.81,91,100,4.9,GY,"02/14/23,23:26:52"
314,shebunino,46.4339,141.8603,-11.04,82,100,10.92,RU,"02/14/23,23:26:53"
315,xifeng,42.7372,124.7222,-15.74,90,8,1.76,CN,"02/14/23,23:26:53"
316,iquique,-20.2208,-70.1431,24.02,79,6,1.3,CL,"02/14/23,23:26:54"
317,charyshskoye,51.3978,83.5598,-12.63,88,100,1.89,RU,"02/14/23,23:26:54"
318,gloversville,43.0528,-74.3438,5.51,77,0,3.09,US,"02/14/23,23:26:55"
319,sovetskiy,61.3614,63.5842,-16.78,100,100,1.28,RU,"02/14/23,23:26:55"
320,saint-pierre,-21.3393,55.4781,25.82,78,20,6.17,RE,"02/14/23,23:26:55"
321,krutinka,56.0055,71.5113,-22.81,96,9,2.49,RU,"02/14/23,23:26:56"
322,kuytun,54.3419,101.5036,-21.97,100,93,1.41,RU,"02/14/23,23:26:56"
323,sola,-13.8833,167.55,27.93,76,97,5.53,VU,"02/14/23,23:26:57"
324,iqaluit,63.7506,-68.5145,-17.15,84,100,8.75,CA,"02/14/23,23:26:57"
325,aberdeen,57.1437,-2.0981,10.36,87,79,1.54,GB,"02/14/23,23:22:08"
326,bayburt,40.2589,40.2278,-14.16,85,86,0.05,TR,"02/14/23,23:26:58"
327,adrar,20.5022,-10.0711,24.14,18,100,6.04,MR,"02/14/23,23:26:59"
328,cockburn town,21.4612,-71.1419,24.6,76,4,6.24,TC,"02/14/23,23:26:59"
329,angoche,-16.2325,39.9086,24.17,88,93,3.49,MZ,"02/14/23,23:26:59"
330,marion,39.7684,-86.1555,14.46,52,100,8.75,US,"02/14/23,23:27:00"
331,amuntai,-2.4177,115.2494,22.48,99,100,0.32,ID,"02/14/23,23:27:01"
332,bengkulu,-3.8004,102.2655,23.48,89,100,1.68,ID,"02/14/23,23:27:01"
333,aksarka,66.5606,67.7975,-20.82,99,99,3.19,RU,"02/14/23,23:27:02"
334,harwich,51.9419,1.2844,5.7,91,43,2.9,GB,"02/14/23,23:27:02"
335,el tigre,8.8875,-64.2454,28.01,59,93,5.96,VE,"02/14/23,23:27:03"
336,mendoza,-32.8908,-68.8272,29.74,28,0,2.06,AR,"02/14/23,23:27:04"
337,vardo,70.3705,31.1107,2.99,81,100,10.8,NO,"02/14/23,23:27:05"
338,aksu,41.1231,80.2644,-2.06,61,96,0.14,CN,"02/14/23,23:27:05"
339,kulhudhuffushi,6.6221,73.07,26.52,68,4,3.77,MV,"02/14/23,23:27:06"
340,ndele,8.4109,20.6473,24.35,23,45,2.29,CF,"02/14/23,23:27:07"
341,haines city,28.1142,-81.6179,23.25,46,0,3.09,US,"02/14/23,23:25:37"
342,lata,40.1629,-8.3327,13.37,71,99,3.07,PT,"02/14/23,23:27:08"
343,rocky river,41.4756,-81.8393,12.8,35,100,6.17,US,"02/14/23,23:27:08"
344,chumikan,54.7183,135.315,-27.14,87,15,8.3,RU,"02/14/23,23:27:09"
345,muisne,0.6,-80.0333,25.08,88,89,2.41,EC,"02/14/23,23:27:10"
346,playa vicente,17.8333,-95.8167,31.54,47,0,1.56,MX,"02/14/23,23:27:10"
347,panguna,-6.3164,155.4848,26.48,65,73,1.74,PG,"02/14/23,23:27:11"
348,hambantota,6.1241,81.1185,22.06,85,8,5.54,LK,"02/14/23,23:27:11"
349,usinsk,65.9939,57.5281,-9.63,95,100,5.04,RU,"02/14/23,23:27:12"
350,krasnoselkup,65.7,82.4667,-14.3,96,99,4.4,RU,"02/14/23,23:27:12"
351,nanortalik,60.1432,-45.2371,-12.63,78,2,8.13,GL,"02/14/23,23:27:13"
352,brownwood,31.7093,-98.9912,21.0,23,0,5.66,US,"02/14/23,23:23:07"
353,khandbari,27.3747,87.2039,10.19,62,1,1.52,NP,"02/14/23,23:27:14"
354,hamilton,39.1834,-84.5333,15.69,48,75,7.72,US,"02/14/23,23:21:05"
355,saint george,37.1041,-113.5841,1.35,77,100,7.72,US,"02/14/23,23:22:59"
356,praya,14.9215,-23.5087,20.3,73,20,11.83,CV,"02/14/23,23:27:16"
357,vieux-habitants,16.0589,-61.7659,24.76,77,1,4.34,GP,"02/14/23,23:27:17"
358,alamosa,37.4695,-105.87,2.99,32,0,11.83,US,"02/14/23,23:23:16"
359,muros,42.7762,-9.0603,8.8,85,93,3.12,ES,"02/14/23,23:27:17"
360,mercedes,-34.6515,-59.4307,26.13,20,0,4.15,AR,"02/14/23,23:24:45"
361,rochester,43.1548,-77.6156,9.08,56,20,2.06,US,"02/14/23,23:21:11"
362,pombia,45.653,8.6336,8.6,68,0,2.57,IT,"02/14/23,23:27:18"
363,saint-augustin,51.226,-58.6502,-11.6,88,100,2.68,CA,"02/14/23,23:27:19"
364,poya,-21.35,165.15,26.2,69,47,0.76,NC,"02/14/23,23:27:20"
365,mana,5.6592,-53.7767,24.55,91,100,4.58,GF,"02/14/23,23:27:20"
366,pevek,69.7008,170.3133,-40.56,99,95,2.89,RU,"02/14/23,23:27:21"
367,sukumo,32.9333,132.7333,2.86,70,11,3.26,JP,"02/14/23,23:27:21"
368,kez,57.8979,53.7152,-9.21,98,100,1.5,RU,"02/14/23,23:27:22"
369,obihiro,42.9172,143.2044,-16.33,80,15,1.67,JP,"02/14/23,23:27:23"
370,sulangan,11.1373,123.7228,25.94,82,79,10.02,PH,"02/14/23,23:27:24"
371,alofi,-19.0595,-169.9187,26.94,83,100,2.06,NU,"02/14/23,23:27:24"
372,dudinka,69.4058,86.1778,-16.32,94,100,5.93,RU,"02/14/23,23:27:25"
373,sabang,5.8933,95.3214,27.38,75,100,5.93,ID,"02/14/23,23:27:25"
374,balkanabat,39.5108,54.3671,3.84,58,100,4.72,TM,"02/14/23,23:24:03"
375,aykhal,66.0,111.5,-21.89,96,100,1.44,RU,"02/14/23,23:27:27"
376,quang ngai,15.1167,108.8,22.08,90,94,2.41,VN,"02/14/23,23:27:27"
377,jinhua,29.1078,119.6547,2.54,86,58,1.45,CN,"02/14/23,23:27:28"
378,san quintin,30.4833,-115.95,13.69,70,77,9.72,MX,"02/14/23,23:27:28"
379,bardoli,21.1167,73.1167,21.65,17,0,2.66,IN,"02/14/23,23:27:29"
380,shingu,33.7333,135.9833,1.15,56,3,3.82,JP,"02/14/23,23:27:30"
381,kavarna,43.4333,28.3333,4.12,77,78,9.3,BG,"02/14/23,23:27:31"
382,kilembe,0.2,30.0,19.42,36,23,2.52,UG,"02/14/23,23:27:32"
383,shasta lake,40.6804,-122.3708,10.4,34,83,2.24,US,"02/14/23,23:27:32"
384,svetlyy,54.675,20.1347,3.03,94,4,2.94,RU,"02/14/23,23:27:33"
385,prince rupert,54.3161,-130.3201,2.05,64,100,6.69,CA,"02/14/23,23:22:38"
386,lompoc,34.6391,-120.4579,15.01,58,15,11.32,US,"02/14/23,23:27:34"
387,esperance,-33.8667,121.9,19.02,81,99,3.1,AU,"02/14/23,23:27:35"
388,kapuskasing,49.4169,-82.4331,8.05,46,100,6.69,CA,"02/14/23,23:27:35"
389,along,28.1667,94.7667,10.39,66,72,1.0,IN,"02/14/23,23:27:36"
390,nchelenge,-9.3451,28.734,20.82,88,86,1.88,ZM,"02/14/23,23:27:37"
391,tulagi,-9.0996,160.1476,28.36,74,96,3.55,SB,"02/14/23,23:25:14"
392,diapaga,12.0708,1.7889,25.59,16,0,4.44,BF,"02/14/23,23:27:37"
393,itarema,-2.9248,-39.9167,26.61,81,70,5.65,BR,"02/14/23,23:27:38"
394,gallup,35.5281,-108.7426,0.91,74,100,10.8,US,"02/14/23,23:27:38"
395,tokur,53.1333,132.9,-37.13,99,49,1.38,RU,"02/14/23,23:27:39"
396,obidos,-1.9175,-55.5181,25.11,92,100,1.62,BR,"02/14/23,23:23:16"
397,beringovskiy,63.05,179.3167,-25.75,89,83,2.67,RU,"02/14/23,23:27:40"
398,abonnema,4.7084,6.7931,27.5,78,9,3.12,NG,"02/14/23,23:27:40"
399,batticaloa,7.7102,81.6924,23.33,74,11,2.44,LK,"02/14/23,23:27:41"
400,ahuimanu,21.4447,-157.8378,26.84,67,75,8.23,US,"02/14/23,23:27:42"
401,shellbrook,53.2168,-106.4011,-13.43,80,20,3.46,CA,"02/14/23,23:23:39"
402,richards bay,-28.783,32.0377,23.9,87,80,4.33,ZA,"02/14/23,23:27:43"
403,balikpapan,-1.2675,116.8289,23.55,94,40,2.06,ID,"02/14/23,23:19:30"
404,tautira,-17.7333,-149.15,27.27,77,53,5.27,PF,"02/14/23,23:27:43"
405,saint augustine,29.8947,-81.3145,19.49,75,0,4.12,US,"02/14/23,23:27:44"
406,mayo,38.8876,-76.5119,13.61,55,0,1.54,US,"02/14/23,23:25:59"
407,clearlake,38.9582,-122.6264,9.21,41,80,3.95,US,"02/14/23,23:27:44"
408,eydhafushi,5.1033,73.0708,26.8,67,1,5.7,MV,"02/14/23,23:27:45"
409,kargasok,59.0556,80.8572,-19.48,97,91,2.79,RU,"02/14/23,23:27:46"
410,kyshtovka,56.555,76.6271,-25.0,100,81,1.85,RU,"02/14/23,23:27:46"
411,inhambane,-23.865,35.3833,25.54,88,79,3.57,MZ,"02/14/23,23:27:47"
412,juigalpa,12.1063,-85.3645,29.95,54,20,2.06,NI,"02/14/23,23:27:48"
413,longkou,37.6508,120.3286,-1.95,57,94,8.27,CN,"02/14/23,23:27:48"
414,dadu,26.7329,67.7763,19.46,25,46,0.1,PK,"02/14/23,23:27:49"
415,kavieng,-2.5744,150.7967,28.18,79,76,5.68,PG,"02/14/23,23:27:50"
416,olafsvik,64.8945,-23.7142,2.28,58,99,9.32,IS,"02/14/23,23:27:50"
417,faya,18.3851,42.4509,15.29,36,70,3.6,SA,"02/14/23,23:27:51"
418,puerto carreno,6.189,-67.4859,32.99,52,75,2.06,CO,"02/14/23,23:27:52"
419,ankazobe,-18.3167,47.1167,15.72,96,61,1.56,MG,"02/14/23,23:27:52"
420,nosy varika,-20.5833,48.5333,22.61,92,39,2.64,MG,"02/14/23,23:27:53"
421,grootfontein,-19.5667,18.1167,22.76,49,58,2.57,NA,"02/14/23,23:27:54"
422,mazagao,-0.115,-51.2894,25.03,98,100,2.27,BR,"02/14/23,23:27:54"
423,lalmohan,22.3384,90.7419,18.07,52,0,2.56,BD,"02/14/23,23:27:55"
424,novobirilyussy,56.9514,90.6661,-23.65,100,100,1.51,RU,"02/14/23,23:27:55"
425,eskilstuna,59.3666,16.5077,2.07,91,98,3.94,SE,"02/14/23,23:27:56"
426,laguna,38.421,-121.4238,12.99,35,0,7.2,US,"02/14/23,23:27:57"
427,dicabisagan,17.0818,122.4157,23.03,76,91,2.73,PH,"02/14/23,23:27:57"
428,matamoros,25.5333,-103.25,28.06,6,40,4.63,MX,"02/14/23,23:25:53"
429,dom pedrito,-30.9828,-54.6731,21.63,87,100,1.62,BR,"02/14/23,23:27:58"
430,kadhan,24.481,68.9859,20.65,61,0,2.52,PK,"02/14/23,23:27:58"
431,uyuni,-20.4597,-66.825,17.7,36,88,5.21,BO,"02/14/23,23:27:59"
432,roma,43.2128,-75.4557,5.48,64,0,0.0,US,"02/14/23,23:27:59"
433,san-pedro,4.7485,-6.6363,26.07,87,69,2.9,CI,"02/14/23,23:28:00"
434,burns lake,54.2331,-125.7533,-3.32,74,83,1.18,CA,"02/14/23,23:25:07"
435,kamina,-8.7386,24.9906,17.79,94,99,1.43,CD,"02/14/23,23:28:01"
436,morondava,-20.2833,44.2833,25.59,83,0,1.57,MG,"02/14/23,23:28:02"
437,bulgan,48.8125,103.5347,-17.71,87,35,1.63,MN,"02/14/23,23:28:02"
438,la tuque,47.4334,-72.7824,-2.86,86,99,0.51,CA,"02/14/23,23:28:03"
439,san policarpo,12.1791,125.5072,25.61,84,92,7.64,PH,"02/14/23,23:28:04"
440,mangai,-4.05,19.5333,21.39,94,29,0.54,CD,"02/14/23,23:28:04"
441,charters towers,-20.1,146.2667,25.15,76,100,3.65,AU,"02/14/23,23:28:05"
442,zuchwil,47.2017,7.5665,3.02,92,100,0.0,CH,"02/14/23,23:28:06"
443,ankara,39.9199,32.8543,-0.25,64,75,2.57,TR,"02/14/23,23:28:06"
444,kristiansund,63.1115,7.732,0.36,93,40,1.54,NO,"02/14/23,23:28:07"
445,barstow,34.8986,-117.0228,10.55,27,5,14.73,US,"02/14/23,23:28:07"
446,tshikapa,-6.4167,20.8,21.39,94,62,0.73,CD,"02/14/23,23:28:08"
447,awjilah,29.1081,21.2869,10.99,70,45,4.29,LY,"02/14/23,23:28:08"
448,villa carlos paz,-31.4241,-64.4978,24.6,26,57,1.79,AR,"02/14/23,23:28:09"
449,valparaiso,-33.0393,-71.6273,24.8,42,0,6.17,CL,"02/14/23,23:28:10"
450,coxim,-18.5067,-54.76,27.76,68,36,1.46,BR,"02/14/23,23:28:10"
451,mabaruma,8.2,-59.7833,22.9,99,100,1.32,GY,"02/14/23,23:28:11"
452,aleksandrov gay,50.147,48.5704,-2.88,92,97,3.95,RU,"02/14/23,23:28:11"
453,nelson bay,-32.7167,152.15,25.56,68,51,4.02,AU,"02/14/23,23:28:12"
454,guerrero negro,27.9769,-114.0611,17.23,55,88,6.86,MX,"02/14/23,23:28:13"
455,nikolayevka,53.1257,47.2041,-7.82,96,100,3.55,RU,"02/14/23,23:28:13"
456,ciudad bolivar,8.1222,-63.5497,28.35,62,93,4.92,VE,"02/14/23,23:28:14"
457,karpathos,35.507,27.2132,11.98,58,1,5.66,GR,"02/14/23,23:28:14"
458,otane,-39.8833,176.6333,17.41,83,100,5.48,NZ,"02/14/23,23:28:15"
459,half moon bay,37.4636,-122.4286,11.96,66,75,10.8,US,"02/14/23,23:28:16"
460,kapit,2.0167,112.9333,21.92,100,100,0.25,MY,"02/14/23,23:23:14"
461,cayenne,4.9333,-52.3333,25.02,94,75,3.09,GF,"02/14/23,23:28:16"
462,tessalit,20.1986,1.0114,22.26,19,76,5.82,ML,"02/14/23,23:28:17"
463,dawei,14.0833,98.2,20.17,75,0,1.21,MM,"02/14/23,23:28:18"
464,lasa,46.6166,10.7002,3.53,35,0,0.64,IT,"02/14/23,23:28:19"
465,puerto ayacucho,5.6639,-67.6236,28.74,63,80,1.09,VE,"02/14/23,23:28:20"
466,gao,16.6362,1.637,22.27,19,1,5.68,ML,"02/14/23,23:28:20"
467,maple creek,49.9168,-109.4848,-9.77,56,13,4.6,CA,"02/14/23,23:28:21"
468,mildura,-34.2,142.15,28.93,44,0,1.94,AU,"02/14/23,23:28:22"
469,umm kaddadah,13.6017,26.6876,16.88,22,80,8.09,SD,"02/14/23,23:25:14"
470,miles city,46.4083,-105.8406,-7.46,73,100,9.77,US,"02/14/23,23:28:23"
471,panalingaan,8.7842,117.4231,24.97,83,100,3.44,PH,"02/14/23,23:28:24"
472,port shepstone,-30.7414,30.455,25.02,89,100,2.96,ZA,"02/14/23,23:28:25"
473,blagoyevo,63.3667,47.9167,-9.68,97,98,1.11,RU,"02/14/23,23:28:26"
474,khoy,38.5504,44.9535,-6.2,58,1,1.68,IR,"02/14/23,23:28:26"
475,aloleng,16.1307,119.7824,23.55,74,68,4.06,PH,"02/14/23,23:28:27"
476,mbandaka,0.0487,18.2603,24.95,67,29,1.32,CD,"02/14/23,23:28:27"
477,morant bay,17.8815,-76.4093,26.79,76,1,4.66,JM,"02/14/23,23:28:28"
478,jumla,29.2747,82.1838,5.27,32,0,2.58,NP,"02/14/23,23:28:29"
479,bilma,18.6853,12.9164,15.2,22,48,8.86,NE,"02/14/23,23:28:30"
480,thongwa,16.7619,96.5278,21.09,60,0,1.14,MM,"02/14/23,23:28:30"
481,kyren,51.6828,102.1408,-11.59,97,100,1.33,RU,"02/14/23,23:28:31"
482,lewiston,44.1003,-70.2148,4.66,73,61,1.75,US,"02/14/23,23:23:36"
483,san antonio,29.4241,-98.4936,26.86,11,0,6.69,US,"02/14/23,23:26:43"
484,ambon,-3.6954,128.1814,28.08,78,40,1.54,ID,"02/14/23,23:28:32"
485,comodoro rivadavia,-45.8667,-67.5,20.92,21,0,8.75,AR,"02/14/23,23:28:33"
486,esmeraldas,-19.7625,-44.3139,22.58,85,98,1.05,BR,"02/14/23,23:28:34"
487,iranshahr,27.2025,60.6848,18.5,26,0,0.53,IR,"02/14/23,23:28:34"
488,bodden town,19.2833,-81.25,26.11,87,20,6.69,KY,"02/14/23,23:28:35"
489,constitucion,-35.3333,-72.4167,18.47,68,29,8.25,CL,"02/14/23,23:28:36"
490,itaituba,-4.2761,-55.9836,24.44,96,70,0.92,BR,"02/14/23,23:28:38"
491,nuuk,64.1835,-51.7216,-13.66,72,100,4.63,GL,"02/14/23,23:28:38"
492,rajampet,14.1833,79.1667,19.29,75,1,0.73,IN,"02/14/23,23:28:39"
493,qaqortoq,60.7167,-46.0333,-21.09,85,0,2.57,GL,"02/14/23,23:28:39"
494,khilchipur,24.0333,76.5667,17.12,25,0,2.02,IN,"02/14/23,23:28:40"
495,soe,-9.8607,124.284,19.36,95,100,1.28,ID,"02/14/23,23:28:41"
496,acajutla,13.5928,-89.8275,28.0,59,0,2.44,SV,"02/14/23,23:28:41"
497,labuhan,-6.8844,112.2051,24.57,86,100,3.66,ID,"02/14/23,23:28:42"
498,rocha,-34.4833,-54.3333,22.09,90,52,3.58,UY,"02/14/23,23:28:43"
499,hami,42.8,93.45,-0.76,48,8,2.08,CN,"02/14/23,23:28:43"
500,queanbeyan,-35.35,149.2333,22.32,65,29,1.03,AU,"02/14/23,23:28:44"
501,severomuysk,56.1481,113.4267,-22.48,97,100,2.39,RU,"02/14/23,23:28:44"
502,montelimar,44.5584,4.7509,8.19,86,0,1.38,FR,"02/14/23,23:28:45"
503,champerico,14.3,-91.9167,31.3,61,0,4.67,GT,"02/14/23,23:28:45"
504,ahipara,-35.1667,173.1667,21.12,77,53,4.73,NZ,"02/14/23,23:28:46"
505,ngorongoro,-3.2397,35.4875,10.58,67,50,1.02,TZ,"02/14/23,23:28:47"
506,pansoy,13.1825,122.5989,23.37,78,100,9.33,PH,"02/14/23,23:28:47"
507,boa vista,2.8197,-60.6733,25.99,89,40,0.51,BR,"02/14/23,23:28:48"
508,severnoye,56.3491,78.3619,-24.64,100,96,1.75,RU,"02/14/23,23:28:48"
509,kurayoshi,35.4333,133.8167,1.95,83,99,7.28,JP,"02/14/23,23:28:49"
510,birao,10.2849,22.7882,23.59,19,25,3.72,CF,"02/14/23,23:28:50"
511,poplar bluff,36.757,-90.3929,12.88,88,100,1.79,US,"02/14/23,23:28:50"
512,kichera,55.9375,110.0997,-17.71,93,96,1.37,RU,"02/14/23,23:28:51"
513,kirkwall,58.9848,-2.9587,8.03,87,20,7.72,GB,"02/14/23,23:28:51"
514,boffa,10.1667,-14.0333,23.29,80,33,1.38,GN,"02/14/23,23:28:52"
515,acarau,-2.8856,-40.12,26.64,81,73,5.86,BR,"02/14/23,23:26:09"
516,marshall,34.3834,-86.3333,20.17,34,0,3.6,US,"02/14/23,23:24:07"
517,oksbol,55.6268,8.2876,3.84,91,66,4.08,DK,"02/14/23,23:28:52"
518,hays,30.0502,-98.0336,25.08,16,41,3.13,US,"02/14/23,23:28:53"
519,bibiani,6.4635,-2.3194,25.14,83,92,1.38,GH,"02/14/23,23:28:53"
520,jardim,-21.4803,-56.1381,26.54,76,38,2.84,BR,"02/14/23,23:28:54"
521,atar,20.5169,-13.0499,24.29,22,95,2.23,MR,"02/14/23,23:28:54"
522,macas,-2.3167,-78.1167,25.86,69,75,2.06,EC,"02/14/23,23:28:55"
523,hay river,60.8156,-115.7999,-21.02,64,40,1.54,CA,"02/14/23,23:28:55"
524,grand-santi,4.25,-54.3833,23.01,99,99,1.38,GF,"02/14/23,23:28:56"
525,labytnangi,66.6572,66.4183,-23.76,99,88,1.83,RU,"02/14/23,23:28:56"
526,krasnokamensk,50.0979,118.0369,-25.34,100,100,0.47,RU,"02/14/23,23:28:57"
527,atbasar,51.8,68.3333,-18.33,91,100,3.29,KZ,"02/14/23,23:28:57"
528,xam nua,20.4197,104.0439,12.42,96,100,1.18,LA,"02/14/23,23:28:59"
529,saint-jean-port-joli,47.2171,-70.2658,-2.22,98,42,1.16,CA,"02/14/23,23:28:59"
530,merauke,-8.4667,140.3333,26.77,82,93,6.47,ID,"02/14/23,23:29:00"
531,paamiut,61.994,-49.6678,-21.27,83,2,3.97,GL,"02/14/23,23:29:01"
532,monrovia,6.3005,-10.7969,25.87,86,65,2.81,LR,"02/14/23,23:29:01"
533,chengde,40.9725,117.9361,-9.55,87,100,0.51,CN,"02/14/23,23:29:02"
534,santa isabel do rio negro,-0.4139,-65.0192,25.33,90,90,0.46,BR,"02/14/23,23:29:02"
535,domoni,-12.2569,44.5319,25.45,83,73,0.15,KM,"02/14/23,23:29:03"
536,najran,17.4924,44.1277,21.36,34,63,3.17,SA,"02/14/23,23:28:32"
537,brae,60.3964,-1.353,8.18,92,100,6.35,GB,"02/14/23,23:29:03"
538,chibuto,-24.6867,33.5306,22.56,96,2,1.87,MZ,"02/14/23,23:29:04"
539,hervey bay,-25.2986,152.8535,25.31,74,46,5.07,AU,"02/14/23,23:29:04"
540,cap malheureux,-19.9842,57.6142,24.15,76,27,2.24,MU,"02/14/23,23:29:05"
541,khani,41.9563,42.9566,-4.24,80,100,2.27,GE,"02/14/23,23:29:06"
542,sao joao da barra,-21.6403,-41.0511,26.05,90,98,6.32,BR,"02/14/23,23:24:41"
543,terrace,54.5163,-128.6035,-0.05,69,75,0.0,CA,"02/14/23,23:26:12"
544,tomatlan,19.9333,-105.25,29.7,33,3,5.69,MX,"02/14/23,23:29:07"
545,maragogi,-9.0122,-35.2225,26.38,75,99,3.56,BR,"02/14/23,23:29:07"
546,bintulu,3.1667,113.0333,23.23,100,20,0.0,MY,"02/14/23,23:29:08"
547,tuapse,44.1125,39.0742,1.71,97,100,6.42,RU,"02/14/23,23:27:23"
548,ormara,25.2088,64.6357,21.66,81,18,3.87,PK,"02/14/23,23:29:08"
549,konya,38.1667,32.5,-9.29,80,43,1.9,TR,"02/14/23,23:29:09"
